rank,prev_rank,rider,team,points,manager
1,1,POGAČAR Tadej,UAE Team Emirates - XRG,975,Joe
2,8,VAN DER POEL Mathieu,Alpecin-Premier Tech,950,Mike
3,2,DEL TORO Isaac,UAE Team Emirates - XRG,857,Dave
4,6,EVENEPOEL Remco,Red Bull - BORA - hansgrohe,855,Andy
5,99,SEIXAS Paul,Decathlon CMA CGM Team,837,Mike
6,40,ANDRESEN Tobias Lund,Decathlon CMA CGM Team,783,
7,65,SCHMID Mauro,Team Jayco AlUla,760,
8,18,VAN AERT Wout,Team Visma | Lease a Bike,759,Campbell
9,3,VINGEGAARD Jonas,Team Visma | Lease a Bike,738,Nick
10,20,PHILIPSEN Jasper,Alpecin-Premier Tech,623,Tim
11,7,PIDCOCK Thomas,Pinarello Q36.5 Pro Cycling Team,616,Cameron
12,58,JOHANNESSEN Tobias Halland,Uno-X Mobility,616,
13,101,GROENEWEGEN Dylan,Unibet Rose Rockets,592,
14,31,MARTINEZ Lenny,Bahrain - Victorious,582,Dave
15,14,SCARONI Christian,XDS Astana Team,581,Campbell
16,240,LAPORTE Christophe,Team Visma | Lease a Bike,554,
17,23,LIPOWITZ Florian,Red Bull - BORA - hansgrohe,511,Campbell
18,49,CHRISTEN Jan,UAE Team Emirates - XRG,474,Tim
19,89,MORGADO António,UAE Team Emirates - XRG,466,
20,78,TIBERI Antonio,Bahrain - Victorious,465,
21,224,IZAGIRRE Ion,Cofidis,451,
22,28,GRÉGOIRE Romain,Groupama - FDJ United,439,Andy
23,26,JORGENSON Matteo,Team Visma | Lease a Bike,416,Cameron
24,159,STUYVEN Jasper,Soudal Quick-Step,408,
25,62,PELLIZZARI Giulio,Red Bull - BORA - hansgrohe,390,Campbell
26,5,PEDERSEN Mads,Lidl - Trek,388,Tim
27,30,BRENNAN Matthew,Team Visma | Lease a Bike,375,Andy
28,16,VAUQUELIN Kévin,INEOS Grenadiers,374,Dave
29,112,VERMEERSCH Florian,UAE Team Emirates - XRG,366,
30,55,ARANBURU Alex,Cofidis,364,
31,276,PITHIE Laurence,Red Bull - BORA - hansgrohe,361,
32,95,TEJADA Harold,XDS Astana Team,360,
33,214,VENDRAME Andrea,Team Jayco AlUla,339,
34,35,GANNA Filippo,INEOS Grenadiers,339,Cameron
35,66,GODON Dorian,INEOS Grenadiers,336,
36,117,ROMEO Iván,Movistar Team,333,
37,60,BUITRAGO Santiago,Bahrain - Victorious,330,
38,21,VINE Jay,UAE Team Emirates - XRG,328,Nick
39,41,GIRMAY Biniam,NSN Cycling Team,323,Dave
40,490,MARTÍNEZ Daniel Felipe,Red Bull - BORA - hansgrohe,323,
41,42,MEEUS Jordi,Red Bull - BORA - hansgrohe,323,
42,250,ZANA Filippo,Soudal Quick-Step,318,
43,19,MILAN Jonathan,Lidl - Trek,312,Campbell
44,152,VERNON Ethan,NSN Cycling Team,302,
45,107,PLAPP Luke,Team Jayco AlUla,300,
46,87,RICCITELLO Matthew,Decathlon CMA CGM Team,300,
47,27,GALL Felix,Decathlon CMA CGM Team,292,Dave
48,110,TRENTIN Matteo,Tudor Pro Cycling Team,289,
49,262,ARRIETA Igor,UAE Team Emirates - XRG,284,
50,249,MOZZATO Luca,Tudor Pro Cycling Team,283,
51,140,COQUARD Bryan,Cofidis,278,
52,175,PARET-PEINTRE Valentin,Soudal Quick-Step,271,
53,64,CHAMPOUSSIN Clément,XDS Astana Team,268,
54,231,VERMEERSCH Gianni,Red Bull - BORA - hansgrohe,268,
55,51,KUBIŠ Lukáš,Unibet Rose Rockets,266,
56,113,LAPEIRA Paul,Decathlon CMA CGM Team,266,
57,500,STEINHAUSER Georg,EF Education - EasyPost,264,
58,32,ROGLIČ Primož,Red Bull - BORA - hansgrohe,262,Cameron
59,75,KANTER Max,XDS Astana Team,261,
60,179,FEDOROV Yevgeniy,XDS Astana Team,260,
61,1529,GRISEL Matys,Lotto Intermarché,258,
62,43,YATES Adam,UAE Team Emirates - XRG,256,Andy
63,138,RONDEL Mathys,Tudor Pro Cycling Team,255,
64,438,VAN DIJKE Tim,Red Bull - BORA - hansgrohe,255,
65,260,LAMPERTI Luke,EF Education - EasyPost,251,Geminiani's Hipsters
66,143,VENTURINI Clément,Unibet Rose Rockets,249,
67,53,BITTNER Pavel,Team Picnic PostNL,248,
68,4,ALMEIDA João,UAE Team Emirates - XRG,242,Andy
69,230,DE SCHUYTENEER Steffen,Lotto Intermarché,240,
70,251,BAUDIN Alex,EF Education - EasyPost,239,
71,12,AYUSO Juan,Lidl - Trek,232,Nick
72,189,TURGIS Anthony,TotalEnergies,231,
73,29,SKJELMOSE Mattias,Lidl - Trek,229,Mike
74,36,STRONG Corbin,NSN Cycling Team,227,Tim
75,732,L'HOTE Antoine,Decathlon CMA CGM Team,225,
76,122,ANIOŁKOWSKI Stanisław,Cofidis,225,
77,215,GILMORE Brady,NSN Cycling Team,217,
78,200,SEGAERT Alec,Bahrain - Victorious,217,
79,937,KRON Andreas,Uno-X Mobility,209,
80,503,HAGENES Per Strand,Team Visma | Lease a Bike,208,
81,431,VINOKUROV Nicolas,XDS Astana Team,207,
82,94,SHEFFIELD Magnus,INEOS Grenadiers,206,
83,84,UIJTDEBROEKS Cian,Movistar Team,205,Andy
84,867,BETTLES Carter,Roojai Insurance Winspace,204,
85,132,LAURANCE Axel,INEOS Grenadiers,204,
86,329,BRENNER Marco,Tudor Pro Cycling Team,203,
87,11,MAGNIER Paul,Soudal Quick-Step,202,Mike
88,37,JEANNIÈRE Emilien,TotalEnergies,201,Dave
89,421,DE GENDT Aimé,Pinarello Q36.5 Pro Cycling Team,199,
90,229,TESFATSION Natnael,Movistar Team,197,
91,47,BILBAO Pello,Bahrain - Victorious,195,
92,194,BARRENETXEA Jon,Movistar Team,190,
93,91,ABRAHAMSEN Jonas,Uno-X Mobility,189,Geminiani's Hipsters
94,187,LEKNESSUND Andreas,Uno-X Mobility,188,
95,306,VLASOV Aleksandr,Red Bull - BORA - hansgrohe,186,
96,488,POLITT Nils,UAE Team Emirates - XRG,184,
97,97,ROMO Javier,Movistar Team,183,
98,9,ONLEY Oscar,INEOS Grenadiers,182,Cameron
99,210,REX Laurenz,Soudal Quick-Step,180,
100,125,SOLER Marc,UAE Team Emirates - XRG,180,
101,108,TEUNISSEN Mike,XDS Astana Team,179,
102,263,COBO Iván,Equipo Kern Pharma,177,
103,10,DE LIE Arnaud,Lotto Intermarché,177,Mike
104,44,WÆRENSKJOLD Søren,Uno-X Mobility,176,
105,519,SWEENY Harry,EF Education - EasyPost,172,
106,439,HUENS Axel,Groupama - FDJ United,170,
107,90,ULISSI Diego,XDS Astana Team,168,
108,479,VALGREN Michael,EF Education - EasyPost,167,
109,181,VAN EETVELT Lennert,Lotto Intermarché,166,
110,202,COSTIOU Ewen,Groupama - FDJ United,165,
111,319,CHARMIG Anthon,Uno-X Mobility,163,
112,86,MULUBRHAN Henok,XDS Astana Team,160,
113,162,HOFSTETTER Hugo,NSN Cycling Team,159,
114,219,MOHORIČ Matej,Bahrain - Victorious,157,
115,623,PESCADOR Diego,Movistar Team,156,
116,515,DONALDSON Robert,Team Jayco AlUla,152,
117,73,FRETIN Milan,Cofidis,152,
118,607,HUERTAS Jason Andrey,,150,
119,15,MCNULTY Brandon,UAE Team Emirates - XRG,149,Andy
120,183,MARIT Arne,Red Bull - BORA - hansgrohe,148,
121,835,KAMP Alexander,Uno-X Mobility,147,
122,22,HEALY Ben,EF Education - EasyPost,146,Cameron
123,221,WELSFORD Sam,INEOS Grenadiers,145,
124,244,GARCÍA CORTINA Iván,Movistar Team,145,
125,389,VAN DIJKE Mick,Red Bull - BORA - hansgrohe,145,
126,177,BERCKMOES Jenno,Lotto Intermarché,144,
127,13,CICCONE Giulio,Lidl - Trek,144,Dave
128,855,MACÍAS César,Burgos Burpellet BH,143,
129,154,BLIKRA Erlend,Uno-X Mobility,143,
130,289,ACKERMANN Pascal,Team Jayco AlUla,142,
131,148,MOLANO Juan Sebastián,UAE Team Emirates - XRG,142,
132,85,DEL GROSSO Tibor,Alpecin-Premier Tech,142,Campbell
133,833,ERŽEN Žak,Bahrain - Victorious,141,
134,246,VOISARD Yannis,Tudor Pro Cycling Team,141,
135,388,MARCELLUSI Martin,Bardiani CSF 7 Saber,141,
136,699,MUDGWAY Luke,Li Ning Star,138,
137,233,GARCÍA PIERNA Raúl,Movistar Team,138,
138,76,WATSON Samuel,INEOS Grenadiers,137,
139,265,BOL Cees,Decathlon CMA CGM Team,136,
140,131,MENTEN Milan,Lotto Intermarché,136,
141,413,BRAZ AFONSO Clément,Groupama - FDJ United,136,
142,124,GROßSCHARTNER Felix,UAE Team Emirates - XRG,135,
143,167,RODRÍGUEZ Cristián,XDS Astana Team,135,
144,92,DELETTRE Alexandre,TotalEnergies,134,
145,906,JOHANNINK Jelle,Unibet Rose Rockets,133,
146,434,HATHERLY Alan,Team Jayco AlUla,132,
147,469,AUGUST Andrew,INEOS Grenadiers,132,Geminiani's Hipsters
148,17,MERLIER Tim,Soudal Quick-Step,132,Tim
149,69,O'CONNOR Ben,Team Jayco AlUla,131,Nick
150,341,LOOCKX Lander,Unibet Rose Rockets,131,
151,204,HIGUITA Sergio,XDS Astana Team,130,
152,398,RACCAGNI NOVIERO Andrea,Soudal Quick-Step,129,
153,235,RAJOVIĆ Dušan,Solution Tech NIPPO Rali,129,
154,952,PRONSKIY Vadim,Terengganu Cycling Team,129,
155,635,BERWICK Sebastian,Caja Rural - Seguros RGA,128,
156,70,WELLENS Tim,UAE Team Emirates - XRG,128,
157,370,GAROFOLI Gianmarco,Soudal Quick-Step,127,
158,281,GAUTHERAT Pierre,Decathlon CMA CGM Team,126,
159,195,BIERMANS Jenthe,Cofidis,126,
160,135,PENHOËT Paul,Groupama - FDJ United,126,
161,223,RODRÍGUEZ Carlos,INEOS Grenadiers,125,
162,561,VANSEVENANT Mauri,Soudal Quick-Step,124,
163,679,DEWULF Stan,Decathlon CMA CGM Team,124,
164,1558,BLEDDYN Oliver,Team Brennan,123,
165,551,MARTÍN Gotzon,Euskaltel - Euskadi,121,
166,116,AULAR Orluis,Movistar Team,121,
167,25,STORER Michael,Tudor Pro Cycling Team,120,Campbell
168,280,VERCHER Mattéo,TotalEnergies,120,
169,492,TESSON Jason,TotalEnergies,119,
170,34,ARENSMAN Thymen,INEOS Grenadiers,119,Cameron
171,128,LONARDI Giovanni,Team Polti VisitMalta,117,
172,321,PINARELLO Alessandro,NSN Cycling Team,117,
173,540,KRETSCHY Moritz,NSN Development Team,116,
174,203,FAGÚNDEZ Eric Antonio,Burgos Burpellet BH,115,
175,595,BELOKI Markel,EF Education - EasyPost,114,
176,185,PLUIMERS Rick,Tudor Pro Cycling Team,112,
177,358,HOLTER Ådne,Uno-X Mobility,111,
178,417,LEITÃO Iúri,Caja Rural - Seguros RGA,111,
179,455,MARTÍ Pau,NSN Cycling Team,111,
180,50,CARAPAZ Richard,EF Education - EasyPost,110,Mike
181,2504,CHRISTIE-JOHNSTON Alastair,CCACHE x BODYWRAP,110,
182,282,EULÁLIO Afonso,Bahrain - Victorious,108,
183,59,GEE Derek,Lidl - Trek,108,Mike
184,404,DE BOD Stefan,Modern Adventure Pro Cycling,107,
185,941,SU Haoyu,XDS Astana Team,105,
186,212,NORDHAGEN Jørgen,Team Visma | Lease a Bike,105,Geminiani's Hipsters
187,259,BISSEGGER Stefan,Decathlon CMA CGM Team,104,
188,436,BRAET Vito,Lotto Intermarché,104,
189,102,ASKEY Lewis,NSN Cycling Team,104,
191,261,BERRADE Urko,Equipo Kern Pharma,103,
192,218,DÍAZ José Manuel,Burgos Burpellet BH,103,
193,144,ZAMBANINI Edoardo,Bahrain - Victorious,102,
194,106,BAGIOLI Andrea,Lidl - Trek,102,
195,45,MATTHEWS Michael,Team Jayco AlUla,101,
196,361,CEPEDA Jefferson Alveiro,Movistar Team,101,
197,141,RENARD Alexis,Cofidis,101,
198,630,BRUSTENGA Marc,Equipo Kern Pharma,100,
199,82,MARTIN Guillaume,Groupama - FDJ United,99,
200,104,KULSET Johannes,Uno-X Mobility,99,
201,548,GUALDI Simone,Lotto Intermarché,99,
202,222,SOBRERO Matteo,Lidl - Trek,98,
203,960,FOX Matthew,Lotto Intermarché,98,
204,733,JASIM AL-ALI Abdulla,UAE Team Emirates Gen Z,98,
205,483,QUINTANA Nairo,Movistar Team,97,
206,459,SEPÚLVEDA Eduardo,Li Ning Star,97,
207,207,MIQUEL Pau,Bahrain - Victorious,96,
208,109,MOSCHETTI Matteo,Pinarello Q36.5 Pro Cycling Team,96,Andy
209,1868,BROWNING Fergus,Terengganu Cycling Team,95,
210,79,GATE Aaron,XDS Astana Team,95,
211,430,KOERDT Bjorn,Team Picnic PostNL,95,
212,139,TURNER Ben,INEOS Grenadiers,95,
213,537,WALSCHEID Max,Lidl - Trek,95,
214,518,RUIZ Ibon,Equipo Kern Pharma,94,
215,532,GAVIRIA Fernando,Caja Rural - Seguros RGA,93,
216,48,FORTUNATO Lorenzo,XDS Astana Team,93,Nick
217,454,RIVERA Brandon Smith,INEOS Grenadiers,92,
218,71,VAN WILDER Ilan,Soudal Quick-Step,92,
219,208,HOOLE Daan,Decathlon CMA CGM Team,92,
220,704,GLIVAR Gal,Alpecin-Premier Tech,91,
221,279,VERMAERKE Kevin,UAE Team Emirates - XRG,91,
222,216,KOPECKÝ Matyáš,Unibet Rose Rockets,91,
223,493,ÁLVAREZ Héctor,Lidl - Trek Future Racing,90,
224,182,TARLING Joshua,INEOS Grenadiers,90,Nick
225,308,VAN MOER Brent,Pinarello Q36.5 Pro Cycling Team,90,
226,111,SIMMONS Quinn,Lidl - Trek,90,
227,297,SVESTAD-BÅRDSENG Embret,INEOS Grenadiers,89,
228,502,IZQUIERDO Clément,Cofidis,89,
229,545,MARIAULT Axel,CIC Pro Cycling Academy,88,
230,328,ZANONCELLO Enrico,Bardiani CSF 7 Saber,88,
231,1899,THÉOT Killian,Van Rysel Roubaix,88,
232,80,MALUCELLI Matteo,XDS Astana Team,87,
233,1802,BRAVO Henrique,Soudal Quick-Step Devo Team,86,
234,120,CORT Magnus,Uno-X Mobility,86,
235,283,MOLENAAR Alex,Caja Rural - Seguros RGA,86,
236,538,LÓPEZ Jordi,Euskaltel - Euskadi,86,
237,1833,HARDOUIN Louis,Van Rysel Roubaix,85,
238,136,GRUEL Thibaud,Groupama - FDJ United,85,
239,142,TRONCHON Bastien,Groupama - FDJ United,85,
240,646,GUDMESTAD Tord,Decathlon CMA CGM Team,84,
241,823,BIESTERBOS Frits,Team Picnic PostNL,83,
242,126,DUJARDIN Sandy,TotalEnergies,83,
243,592,DEKKER David,BEAT CC p/b Saxo,83,
244,294,DONOVAN Mark,Pinarello Q36.5 Pro Cycling Team,82,
245,446,UHLIG Henri,Alpecin-Premier Tech,82,
246,1659,ADAMIETZ Johannes,REMBE | rad-net,82,
247,133,SALBY Alexander,Li Ning Star,81,
248,327,CASTELLON Jan,Caja Rural - Seguros RGA,81,
249,313,THIJSSEN Gerben,Alpecin-Premier Tech,81,
250,173,VAN GILS Maxim,Red Bull - BORA - hansgrohe,80,
251,334,BUSATTO Francesco,Alpecin-Premier Tech,79,
252,115,DOUBLE Paul,Team Jayco AlUla,79,
253,860,BARBIER Pierre,Terengganu Cycling Team,79,
254,354,NAESEN Oliver,Decathlon CMA CGM Team,79,
255,414,SCHIFFER Anton,Team Visma | Lease a Bike,78,
256,428,DECOMBLE Maxime,Groupama - FDJ United,77,
257,127,VACEK Mathias,Lidl - Trek,77,
258,83,PIGANZOLI Davide,Team Visma | Lease a Bike,77,
259,352,HOPKINS Dylan,Roojai Insurance Winspace,76,
260,619,CRABBE Tom,Team Flanders - Baloise,76,
261,243,HARPER Chris,Pinarello Q36.5 Pro Cycling Team,75,
262,589,DONNENWIRTH Tom,Groupama - FDJ United,75,
263,165,LARSEN Niklas,Unibet Rose Rockets,75,
264,325,NERURKAR Lukas,EF Education - EasyPost,75,
265,562,MUNTON Byron,Modern Adventure Pro Cycling,75,
266,103,SILVA Guillermo Thomas,XDS Astana Team,75,
267,163,HERMANS Quinten,Pinarello Q36.5 Pro Cycling Team,75,
268,498,GOVEKAR Matevž,Bahrain - Victorious,75,
269,695,COBARRUBIA Leonardo,,75,
270,293,HERRADA Jesús,Burgos Burpellet BH,74,
271,410,AGIRRE Jon,Euskaltel - Euskadi,73,
272,1336,BONNET Thomas,TotalEnergies,73,
273,639,DARDER Sergi,Caja Rural - Seguros RGA,73,
274,780,ISIDORE Noa,Decathlon CMA CGM Team,73,
275,948,BOICHIS Adrien,Red Bull - BORA - hansgrohe,72,
276,234,COSNEFROY Benoît,UAE Team Emirates - XRG,72,
277,432,TJØTTA Martin,Uno-X Mobility,72,
278,668,DONATI Davide,Red Bull - BORA - hansgrohe Rookies,72,
279,1023,LAU Wan Yau Vincent,Roojai Insurance Winspace,72,
280,614,SCOTT Cameron,Li Ning Star,71,
281,302,FINN Lorenzo,Red Bull - BORA - hansgrohe Rookies,71,Geminiani's Hipsters
282,507,VERRE Alessandro,MBH Bank CSB Telecom Fort,71,
284,198,TEUTENBERG Tim Torn,Lidl - Trek,70,
285,149,CASTRILLO Pablo,Movistar Team,70,
286,377,PEDERSEN Casper,Soudal Quick-Step,70,
287,610,KOISHI Yuma,Kinan Racing Team,70,
288,197,TILLER Rasmus,Uno-X Mobility,70,
289,386,ZINGLE Axel,Team Visma | Lease a Bike,70,
290,121,FISHER-BLACK Finn,Red Bull - BORA - hansgrohe,69,
291,403,BUDZIŃSKI Marcin,MBH Bank CSB Telecom Fort,69,
292,861,SÜTTERLIN Jasha,Team Jayco AlUla,69,
293,213,QUARTUCCI Lorenzo,Burgos Burpellet BH,69,
294,525,BENNETT George,NSN Cycling Team,68,
295,1270,BELLETTA Dario Igor,Team Polti VisitMalta,67,
296,368,PAGE Hugo,Cofidis,67,
297,119,CANAL Carlos,Movistar Team,67,
298,650,REINDERS Elmar,Unibet Rose Rockets,66,
299,54,HIRSCHI Marc,Tudor Pro Cycling Team,66,Joe
300,505,CEPEDA Jefferson Alexander,EF Education - EasyPost,65,
301,770,ZUKOWSKY Nickolas,Pinarello Q36.5 Pro Cycling Team,65,
302,227,BARCELÓ Fernando,Caja Rural - Seguros RGA,64,
303,443,CAVAGNA Rémi,Groupama - FDJ United,64,
304,287,PEÑALVER Manuel,Team Polti VisitMalta,64,
305,347,ASGREEN Kasper,EF Education - EasyPost,64,
306,475,VAN ENGELEN Adne,Terengganu Cycling Team,63,
307,659,BURATTI Nicolò,MBH Bank CSB Telecom Fort,63,
308,453,SAINBAYAR Jambaljamts,Burgos Burpellet BH,62,
309,520,DAUPHIN Florian,TotalEnergies,62,
310,295,GLOAG Thomas,Pinarello Q36.5 Pro Cycling Team,62,
311,383,BERASATEGI Xabier,Euskaltel - Euskadi,61,
312,400,ARTZ Huub,Lotto Intermarché,61,
313,717,LOULERGUE Victor,Groupama-FDJ United CT,61,
314,315,THEUNS Edward,Lidl - Trek,61,
315,787,MELLANO Ludovico Maria,XDS Astana Development Team,61,
316,397,PLOWRIGHT Jensen,Alpecin-Premier Tech,60,
317,546,HAMILTON Chris,Team Picnic PostNL,60,
318,344,CATTANEO Mattia,Red Bull - BORA - hansgrohe,60,
319,1016,SORARRAIN Gorka,Caja Rural - Seguros RGA,60,
320,174,SHEEHAN Riley,NSN Cycling Team,60,
321,305,DEHAIRS Simon,Alpecin-Premier Tech,60,
322,989,PRIETO José Juan,Petrolike,60,
323,487,VARGAS Walter,Team Medellín - EPM,60,
324,456,VAN DER TUUK Axel,Euskaltel - Euskadi,60,
327,226,ENGELHARDT Felix,Team Jayco AlUla,59,
328,1063,BURNETT Josh,Burgos Burpellet BH,59,
329,528,SCALCO Matteo,XDS Astana Development Team,59,
330,628,DUPONT Timothy,Tarteletto - Isorex,58,
331,621,ROMELE Alessandro,XDS Astana Team,58,
332,333,CAPIOT Amaury,Team Jayco AlUla,58,
333,440,GARIBBO Nicolò,Team UKYO,58,
334,278,WIDAR Jarno,Lotto Intermarché,58,Joe
335,156,BALLERINI Davide,XDS Astana Team,58,
337,676,EDDY Patrick,Team Brennan,57,
338,429,EINHORN Itamar,NSN Cycling Team,57,
339,155,MADOUAS Valentin,Groupama - FDJ United,57,
340,1229,WHITEHOUSE Daniel,St George Continental Cycling Team,57,
341,1065,VAN GESTEL Dries,Soudal Quick-Step,56,
342,1050,JARNET Maxime,Van Rysel Roubaix,55,
343,939,KOCKELMANN Mathieu,Lotto Intermarché,55,
344,241,TEUNS Dylan,Cofidis,55,
345,2521,RICHARDS Kane,Roojai Insurance Winspace,55,
346,504,OLIVEIRA Rui,UAE Team Emirates - XRG,54,
347,288,KOGUT Oded,NSN Cycling Team,54,
348,847,KRIJNSEN Jelte,Team Jayco AlUla,53,
349,634,DE PESTEL Sander,Decathlon CMA CGM Team,53,
350,889,MARIVOET Duarte,Lotto - Groupe Wanty,53,
351,893,ALMUTAIWEI Mohammad,UAE Team Emirates Gen Z,52,
352,285,FOLDAGER Anders,Team Jayco AlUla,52,
353,291,MILESI Lorenzo,Movistar Team,52,
354,1444,CARR Simon,Cofidis,52,
355,929,BEULLENS Cedric,Lotto Intermarché,51,
357,345,LEMMEN Bart,Team Visma | Lease a Bike,51,
358,736,DEGENKOLB John,Team Picnic PostNL,51,
359,114,JOHANNESSEN Anders Halland,Uno-X Mobility,51,
360,718,OOMEN Sam,Lidl - Trek,50,
361,242,ETXEBERRIA Haimar,Red Bull - BORA - hansgrohe,50,
362,1044,VEISTROFFER Baptiste,Lotto Intermarché,50,
363,655,MOSCON Gianni,Red Bull - BORA - hansgrohe,50,
364,46,BERNAL Egan,INEOS Grenadiers,50,
365,371,KRAGH ANDERSEN Søren,Lidl - Trek,50,
366,1507,MAŁECKI Kamil,Pinarello Q36.5 Pro Cycling Team,50,
367,316,BREUILLARD Nicolas,TotalEnergies,49,
368,390,OLDANI Stefano,Caja Rural - Seguros RGA,49,
369,164,BAUHAUS Phil,Bahrain - Victorious,49,
370,1210,FROIDEVAUX Robin,Tudor Pro Cycling Team,49,
371,1278,HERREGODTS Rune,UAE Team Emirates - XRG,49,
372,266,DENZ Nico,Red Bull - BORA - hansgrohe,49,
373,573,JACOBS Johan,Groupama - FDJ United,49,
374,357,RUSSO Clément,Groupama - FDJ United,49,
375,320,CAVIA Daniel,Burgos Burpellet BH,48,
376,866,SEVILLA Diego Pablo,Team Polti VisitMalta,48,
377,307,HALLER Marco,Tudor Pro Cycling Team,48,
378,171,DAINESE Alberto,Soudal Quick-Step,48,
379,896,SOENENS Viktor,Soudal Quick-Step Devo Team,48,
380,1335,ZOMERMAAND Jurgen,Development Team Picnic PostNL,48,
381,61,HINDLEY Jai,Red Bull - BORA - hansgrohe,48,Tim
382,176,THOMAS Benjamin,Cofidis,48,
383,191,POELS Wout,Unibet Rose Rockets,47,
384,1184,OLIVER Ben,Modern Adventure Pro Cycling,47,
385,401,LABROSSE Jordan,Decathlon CMA CGM Team,47,
386,157,CARUSO Damiano,Bahrain - Victorious,47,
387,100,PARET-PEINTRE Aurélien,Decathlon CMA CGM Team,47,
388,272,FANCELLU Alessandro,MBH Bank CSB Telecom Fort,47,
389,56,PRODHOMME Nicolas,Decathlon CMA CGM Team,46,
390,1891,MUÑOZ Hodei,Soudal Quick-Step Devo Team,46,
391,542,GRAAT Tijmen,Team Visma | Lease a Bike,46,
392,2490,TARAKCI Mustafa,Konya Büyükşehir Belediye Spor,46,
393,217,SÖDERQVIST Jakob,Lidl - Trek,46,Joe
394,57,VELASCO Simone,XDS Astana Team,45,
395,252,ZIMMERMANN Georg,Lotto Intermarché,45,
396,468,ROULAND Louis,Cofidis,45,
398,196,VAN DEN BROEK Frank,Team Picnic PostNL,45,
399,273,CAMPENAERTS Victor,Team Visma | Lease a Bike,45,
401,1518,FRAYRE Eder,L39ION of Los Angeles,45,
402,536,BRENES Sebastian,Canel's - Java,45,
403,1031,FABBRO Matteo,Solution Tech NIPPO Rali,44,
404,74,MAS Enric,Movistar Team,44,
405,206,ADRIÀ Roger,Movistar Team,44,
406,376,PLANCKAERT Edward,Alpecin-Premier Tech,44,
407,496,HEIDUK Kim,INEOS Grenadiers,44,
408,447,PACHER Quentin,Groupama - FDJ United,44,
409,582,GONZÁLEZ David,Pinarello Q36.5 Pro Cycling Team,44,
410,587,AERTS Toon,Lotto Intermarché,44,
411,804,KLUCKERS Arthur,Tudor Pro Cycling Team,43,
412,557,BÉVORT Carl-Frederik,Uno-X Mobility,43,
413,734,SOSA Iván Ramiro,Equipo Kern Pharma,43,
414,1005,SÉNÉCHAL Florian,Alpecin-Premier Tech,43,
415,458,VAN ASBROECK Tom,NSN Cycling Team,43,
416,839,NEGRENTE Mattia,XDS Astana Development Team,43,
417,577,O'BRIEN Kelland,Team Jayco AlUla,42,
418,604,PALETTI Luca,Bardiani CSF 7 Saber,42,
419,409,CRESCIOLI Ludovico,Team Polti VisitMalta,42,
420,1480,MIFSUD Andrea,Team Polti VisitMalta,42,
422,601,VERSTRYNGE Emiel,Alpecin-Premier Tech,42,
423,752,LIEPIŅŠ Emīls,Pinarello Q36.5 Pro Cycling Team,42,
424,664,WALSH Liam,CCACHE x BODYWRAP,41,
425,930,LAMBRECHT Michiel,Team Flanders - Baloise,41,
426,161,COVI Alessandro,Team Jayco AlUla,41,
427,711,JUUL-JENSEN Christopher,Team Jayco AlUla,41,
428,880,PESENTI Thomas,Team Polti VisitMalta,41,
429,180,HONORÉ Mikkel Frølich,EF Education - EasyPost,41,
430,1996,DAUMAS Rémi,Groupama-FDJ United CT,41,
431,517,VERGALLITO Luca,Alpecin-Premier Tech,41,
432,130,BETTIOL Alberto,XDS Astana Team,41,
433,416,ARVANITOU Nikiforos,Team United Shipping,41,
435,611,REINDERINK Pepijn,Soudal Quick-Step,40,
436,253,FIORELLI Filippo,Team Visma | Lease a Bike,40,
437,510,LE BERRE Mathis,TotalEnergies,40,
438,450,MAESTRI Mirco,Team Polti VisitMalta,40,
439,205,MIHKELS Madis,EF Education - EasyPost,40,
440,666,SYELHAN Muhammad,ASC Monsters Indonesia,40,
441,1087,KIM Euro,LX Cycling Team,40,
442,486,SWIFT Connor,INEOS Grenadiers,40,
443,863,KOLZE CHANGIZI Sebastian,Tudor Pro Cycling Team,40,
444,396,HODEG Álvaro José,Team Medellín - EPM,40,
445,923,RAPP Jonas,FNIX - SCOM - Hengxiang Cycling Team,40,
446,129,LANDA Mikel,Soudal Quick-Step,40,
447,795,SKERL Daniel,Bahrain - Victorious,39,
448,884,HESSMANN Michel,Movistar Team,39,
449,1493,PRIETO José Antonio,Petrolike,39,
450,798,BAIS Mattia,Team Polti VisitMalta,39,
451,433,VALTER Attila,Bahrain - Victorious,39,
452,1772,DESTA Amaniel Teweldemedhn,Team Amani,39,
453,713,RESELL Erik Nordsæter,Uno-X Mobility,38,
454,702,KOPECKÝ Tomáš,Unibet Rose Rockets,38,
455,625,VAN DER LEE Jardi Christiaan,EF Education - EasyPost,38,
456,201,GAUDU David,Groupama - FDJ United,38,
457,612,HOBBS Noah,EF Education - EasyPost,38,
458,1418,GIMENO Nil,Equipo Kern Pharma,38,
459,728,HOPKINS Kaden,Atom 6 Bikes - Cycleur de Luxe - Auto Stroo Continental Team,38,
460,1000,BRUTTOMESSO Alberto,Bahrain - Victorious,37,
461,1008,GIDDINGS Joshua,Lotto Intermarché,37,
462,337,LIVYNS Arjen,XDS Astana Team,37,
463,685,JOHANSEN Julius,UAE Team Emirates - XRG,37,
464,192,TRÆEN Torstein,Uno-X Mobility,37,
465,359,VAN HEMELEN Vincent,Team Flanders - Baloise,37,
466,193,DE BONDT Dries,Team Jayco AlUla,37,
467,1013,VAN TRICHT Stan,Soudal Quick-Step Devo Team,37,
468,689,HESTERS Jules,Team Flanders - Baloise,37,
469,172,ARMIRAIL Bruno,Team Visma | Lease a Bike,37,
471,555,FERRON Valentin,Cofidis,37,
472,862,KHADBAATAR Temuulen,Roojai Insurance Winspace,36,
473,825,VÉLEZ Cristian Damián,Team Sistecredito,36,
474,1121,GONZALEZ Jyven,L39ION of Los Angeles,36,
475,856,TONEATTI Davide,XDS Astana Team,35,
476,296,KWIATKOWSKI Michał,INEOS Grenadiers,35,
477,790,SKAARSETH Anders,Uno-X Mobility,35,
478,346,EENKHOORN Pascal,Soudal Quick-Step,35,
479,547,VAN DEN BOSSCHE Fabio,Soudal Quick-Step,35,
480,350,RUTSCH Jonas,Lotto Intermarché,35,
481,1061,TU Sergio,Astemo Utsunomiya Blitzen,35,
482,526,PERICAS Adrià,UAE Team Emirates - XRG,35,
483,1309,POLLEFLIET Gianluca,Decathlon CMA CGM Team,35,
484,420,LOUVEL Matis,NSN Cycling Team,35,
485,840,QUINTANA Hector Exequiel,Plus Performance - ZEO Sport,35,
486,1203,ABREU Jorge,Fina Arroz CES Multimarcas Bancamiga,34,
487,985,CHAMBERLAIN Oscar,Decathlon CMA CGM Team,34,
488,367,ALLENO Clément,Burgos Burpellet BH,34,
489,744,LOZOUET Léandre,CIC Pro Cycling Academy,34,
490,351,BARTA Will,Tudor Pro Cycling Team,34,
491,585,HERZOG Emil,Red Bull - BORA - hansgrohe,34,
492,1148,RODRIGUEZ Juan Felipe,EF Education - Aevolo,34,
493,590,SHMIDT Artem,INEOS Grenadiers,34,
494,322,CHUMIL Sergio Geovani,Burgos Burpellet BH,34,
496,745,ANTUNES Tiago,Efapel Cycling,34,
498,1820,MÉNDEZ Arlex José,Alicanto Consulting G Kino Tachira,33,
499,965,BOWER Lewis,Groupama - FDJ United,33,
500,665,VADER Milan,Pinarello Q36.5 Pro Cycling Team,33,
501,378,GENIETS Kevin,Groupama - FDJ United,33,
502,338,KELDERMAN Wilco,Team Visma | Lease a Bike,33,
503,506,CHRISTOPHERSEN Cedrik Bakke,Unibet Rose Rockets,32,
504,727,OLIVEIRA Nelson,Movistar Team,32,
505,649,DE VRIES Hartthijs,Unibet Rose Rockets,32,
506,402,PEDERSEN Rasmus Søjberg,Decathlon CMA CGM Team,32,
507,2466,MAULANA Astnan,Nusantara Cycling Team,32,
508,1305,PERSICO Davide,MBH Bank CSB Telecom Fort,32,
509,1237,SANLAVILLE Mathias,CIC Pro Cycling Academy,32,
511,395,RAILEANU Cristian,Li Ning Star,31,
512,472,VERVAEKE Louis,Soudal Quick-Step,31,
513,1571,VAN BEKKUM Darren,XDS Astana Team,31,
514,145,VAN DEN BERG Marijn,EF Education - EasyPost,31,
515,849,MEZGEC Luka,Team Jayco AlUla,31,
516,1076,KONIJN Alexander,Nice Métropole Côte d'Azur,31,
517,67,TULETT Ben,Team Visma | Lease a Bike,31,Geminiani's Hipsters
518,33,NARVÁEZ Jhonatan,UAE Team Emirates - XRG,30,Nick
519,318,TAARAMÄE Rein,Kinan Racing Team,30,
520,751,MARSMAN Tim,Alpecin-Premier Tech,30,
521,803,THOMPSON Reuben,Lotto Intermarché,30,
522,2391,REX Tim,Team Visma | Lease a Bike,30,
523,1737,CHIKWAKA Andrew,,30,
524,875,MUÑOZ Francisco,Team Polti VisitMalta,30,
525,485,BERNARD Julien,Lidl - Trek,30,
526,651,DOULL Owain,Team Visma | Lease a Bike,30,
527,769,DILLIER Silvan,Alpecin-Premier Tech,30,
528,387,VAN BAARLE Dylan,Soudal Quick-Step,30,
529,570,MACIEJUK Filip,Movistar Team,30,
530,1232,DEWEIRDT Siebe,Team Flanders - Baloise,30,
531,805,KONYCHEV Alexander,China Anta - Mentech Cycling Team,30,
532,983,VAN KERCKHOVE Matisse,Team Visma | Lease a Bike Development,30,
533,622,HENNEQUIN Paul,Euskaltel - Euskadi,30,
534,684,REMIJN Senna,Alpecin-Premier Tech,30,
535,160,HOELGAARD Markus,Uno-X Mobility,29,
536,1010,DATI Tommaso,Team UKYO,29,
537,72,WRIGHT Fred,Pinarello Q36.5 Pro Cycling Team,29,Campbell
538,93,LECERF Junior,Soudal Quick-Step,29,
539,549,GEENS Jonas,Alpecin-Premier Tech,29,
540,52,ALAPHILIPPE Julian,Tudor Pro Cycling Team,29,Cameron
541,465,CUYLITS Mauro,Lotto - Groupe Wanty,29,
543,445,SPARFEL Aubin,Decathlon CMA CGM Development Team,29,
545,422,CONCI Nicola,XDS Astana Team,28,
546,256,STORK Florian,Tudor Pro Cycling Team,28,
547,1860,MOURIS Wessel,Unibet Rose Rockets,28,
548,1086,BÉNÉTEAU Lucas,St Michel - Preference Home - Auber93,28,
549,1245,CHU Tsun Wai,HKSI Pro Cycling Team,28,
551,96,CHRISTEN Fabio,Pinarello Q36.5 Pro Cycling Team,28,
552,1660,DARBELLAY Valentin,Elite Fondations Cycling Team,28,
553,1334,VAN GILS Lucas,Lotto - Groupe Wanty,28,
554,1196,VANHUFFEL Matteo,Development Team Picnic PostNL,28,
555,1271,HOOGENDOORN Roy,Metec - SOLARWATT p/b Mantel,28,
556,356,ALEOTTI Giovanni,Red Bull - BORA - hansgrohe,28,
557,451,GACHIGNARD Thomas,TotalEnergies,28,
559,671,HEREMANS Joppe,Van Rysel Roubaix,27,
560,743,SERRANO Gonzalo,Movistar Team,27,
561,464,SCOTSON Callum,Decathlon CMA CGM Team,27,
562,309,PARRA José Félix,Caja Rural - Seguros RGA,27,
563,716,VERVENNE Jonathan,Soudal Quick-Step,27,
564,1694,DRIESEN Niels,Lotto - Groupe Wanty,27,
565,741,TRATNIK Jan,Red Bull - BORA - hansgrohe,27,
566,640,DE CASSAN Davide,General Store - Essegibi - F.Lli Curia,27,
567,1159,PATTINSON Tomos,EF Education - Aevolo,27,
568,735,GONZÁLEZ Roberto Carlos,Solution Tech NIPPO Rali,27,
569,830,SAMUDIO Carlos,Solution Tech NIPPO Rali,27,
570,514,ANDERSEN Mads,Swatt Club,27,
571,554,NOVÁK Pavel,Movistar Team,26,
572,482,TSVETKOV Nikita,Bardiani CSF 7 Saber,26,
573,747,AZPARREN Xabier Mikel,Pinarello Q36.5 Pro Cycling Team,26,
575,186,HAYTER Ethan,Soudal Quick-Step,26,
576,1795,LORELLO Riccardo,S.C. Padovani Polo Cherry Bank,26,
577,1932,MANENTI Marco,Bardiani CSF 7 Saber,26,
578,911,TAILLIEU Aldo,Team Visma | Lease a Bike Development,26,
579,729,SCHULTZ Nick,NSN Cycling Team,25,
580,494,HAIG Jack,INEOS Grenadiers,25,
581,957,MACKELLAR Alastair,EF Education - EasyPost,25,
582,1457,MATTIO Pietro,Team Visma | Lease a Bike,25,
583,1285,RENARD-HAQUIN Henri-François,Team Picnic PostNL,25,
584,1345,KELEMEN Petr,Tudor Pro Cycling Team,25,
585,819,MORO Manlio,Movistar Team,25,
586,944,INGEBRIGTSEN Storm,Uno-X Mobility,25,
587,656,MÄRKL Niklas,Team Picnic PostNL,25,
588,760,DURBRIDGE Luke,Team Jayco AlUla,25,
589,774,VAN SINTMAARTENSDIJK Roel,Lotto Intermarché,25,
590,618,BARTHE Cyril,Groupama - FDJ United,25,
591,1720,ASCONEGUY Roderyck,Dolores Cycles Club,25,
592,1205,NG Pak Hang,HKSI Pro Cycling Team,25,
595,199,DELBOVE Joris,TotalEnergies,25,
596,1383,GONZALES Freddy,,25,
597,636,GRIGNARD Sébastien,Lotto Intermarché,25,
598,248,KIELICH Timo,Team Visma | Lease a Bike,25,
599,845,VANHOOF Ward,Team Flanders - Baloise,25,
600,779,VAN DEN BERG Julius,Team Picnic PostNL,25,
601,569,LANHOVE Milan,Team Flanders - Baloise,25,
602,1154,CARSTENSEN Lucas,Kinan Racing Team,25,
603,947,MENDES Diego De Jesus,,25,
604,764,SUNEKÆR NORSGAARD Mathias,Lidl - Trek,25,
605,600,NØRTOFT Morten Aalling,Team ColoQuick,25,
607,828,PORTER Rudy,Team Jayco AlUla,24,
608,617,THORNLEY Callum,Red Bull - BORA - hansgrohe,24,
609,531,DEBRUYNE Ramses,Alpecin-Premier Tech,24,
610,907,HOUCOU Emmanuel,Pinarello Q36.5 Pro Cycling Team,24,
611,2067,VAN TRICHT Floris,NSN Cycling Team,24,
612,1084,AMBROSSI Facundo Nicolás,,24,
613,1367,RUIZ Robinson Steven,,24,
614,2378,HUE Antoine,Veloce Club Rouen 76,24,
615,292,LÓPEZ Juan Pedro,Movistar Team,24,
617,118,VAN POPPEL Danny,Red Bull - BORA - hansgrohe,23,
618,158,DVERSNES LAVIK Fredrik,Uno-X Mobility,23,
619,593,ROTA Lorenzo,Lotto Intermarché,23,
620,2315,MAINGUENAUD Tom,Nice Métropole Côte d'Azur,23,
621,1258,LIM Nash,Factor Racing,23,
622,1392,TAKHIROV Diyor,7 Saber Uzbekistan Cycling Team,23,
623,1156,CONFORTI Lorenzo,Bardiani CSF 7 Saber,23,
624,1142,MILAN Matteo,Groupama - FDJ United,23,
625,739,SLOCK Liam,Lotto Intermarché,23,
626,2359,AVANCINI Henrique da Silva,Localiza Meoo / Swift Pro Cycling,23,
628,348,AFFINI Edoardo,Team Visma | Lease a Bike,23,
629,425,LEROUX Samuel,TotalEnergies,23,
630,609,MINTEGI Iker,Euskaltel - Euskadi,23,
631,209,GUERIN Alexis,Anicolor / Campicarn,23,
633,690,PŘIDAL Tomáš,Team United Shipping,23,
634,1139,DINHAM Matthew,Team Picnic PostNL,22,
635,1517,LOZANO Juan Pedro,Terengganu Cycling Team,22,
636,68,SIVAKOV Pavel,UAE Team Emirates - XRG,22,
637,239,LØLAND Sakarias Koller,Uno-X Mobility,22,
638,1642,IACOMONI Federico,Team UKYO,22,
639,1742,ZAMPERINI Edoardo,Cofidis,22,
640,1281,FREYER Martin,,22,
641,1650,TODOME Yuhi,Aisan Racing Team,22,
643,1199,MOYATA Eduardo,Pío Rico Cycling Team,22,
644,407,SHAW James,EF Education - EasyPost,22,
645,1253,ROGERS Cameron,INEOS Grenadiers Racing Academy,22,
646,972,REMKHI Rudolf,Muğla Büyükşehir Belediyesi Spor Kulübü,22,
648,1530,SUTTON Louis,Euskaltel - Euskadi,21,
649,657,STANNARD Robert,Bahrain - Victorious,21,
650,1825,WANG Gustav,XDS Astana Development Team,21,Joe
651,814,DELACROIX Théo,St Michel - Preference Home - Auber93,21,
652,1389,XUE Ming,Li Ning Star,21,
653,552,VANHOUCKE Harm,Pinarello Q36.5 Pro Cycling Team,21,
654,381,MARTINEZ Juan Guillermo,Team Picnic PostNL,21,
655,98,SKUJIŅŠ Toms,Lidl - Trek,21,
656,373,KÄMNA Lennard,Lidl - Trek,21,
657,137,SCHACHMANN Maximilian,Soudal Quick-Step,21,
659,1477,ROJAS Brandon Alejandro,GW Erco SportFitness,20,
660,1311,NESPOLI Lorenzo,MBH Bank CSB Telecom Fort,20,
661,556,SCHRETTL Marco,XDS Astana Team,20,
662,476,GHEBREIGZABHIER Amanuel,Lidl - Trek,20,
663,269,KONRAD Patrick,Lidl - Trek,20,
664,773,MIHOLJEVIĆ Fran,Bahrain - Victorious,20,
665,731,DRIZNERS Jarrad,Red Bull - BORA - hansgrohe,20,
667,427,DE LA CALLE Hugo,Burgos Burpellet BH,20,
668,168,KÜNG Stefan,Tudor Pro Cycling Team,20,
669,1026,ØRN-KRISTOFF Felix,Lotto Intermarché,20,
670,312,BREGNHØJ Mathias,Terengganu Cycling Team,20,
671,763,WALKER Max,EF Education - EasyPost,20,
672,1468,GOGL Michael,Alpecin-Premier Tech,20,
673,448,SMITH Dion,NSN Cycling Team,20,
675,1501,TENDON Arnaud,Van Rysel Roubaix,20,
676,647,MULLEN Ryan,NSN Cycling Team,20,
677,343,VAN BOVEN Luca,Lotto Intermarché,20,
678,257,MEURISSE Xandro,Pinarello Q36.5 Pro Cycling Team,20,
679,442,LAMPAERT Yves,Soudal Quick-Step,20,
680,928,VERCOUILLIE Victor,Team Flanders - Baloise,20,
681,1265,FRISON Frederik,Pinarello Q36.5 Pro Cycling Team,20,
682,771,BLUME LEVY William,Uno-X Mobility,20,
683,992,RAFFERTY Adam,Hagens Berman Jayco,20,
684,961,D'AMATO Andrea,Team UKYO,20,
685,1576,SANCHO José Pablo,,20,
686,1140,BORGO Alessandro,Bahrain - Victorious,20,
687,1145,BOMFIM DE ALMEIDA Luiz Fernando,Localiza Meoo / Swift Pro Cycling,20,
688,642,PAREDES Wilmar,Team Medellín - EPM,20,
690,726,BOULAHOITE Rayan,TotalEnergies,20,
691,1831,JOHNSTON Calum,Li Ning Star,20,
692,568,WENZEL Mats,Equipo Kern Pharma,20,
693,1284,HEFFERNAN William,CCACHE x BODYWRAP,20,
694,2476,WARD Jack,Lidl - Trek Future Racing,20,
695,236,OLIVEIRA Ivo,UAE Team Emirates - XRG,19,
696,1118,DESAL Ceriel,Soudal Quick-Step Devo Team,19,
697,1343,HVIDEBERG Jonas Hem,Uno-X Mobility,19,
698,714,SIMMONS Colby,EF Education - EasyPost,19,
699,857,VAN LERBERGHE Bert,Soudal Quick-Step,19,
700,508,BYSTRØM Sven Erik,Uno-X Mobility,19,
701,915,FINKŠT Tilen,Solution Tech NIPPO Rali,19,
702,2297,ARAMAYO Jose Manuel,Pío Rico Cycling Team,19,
703,613,CAMPRUBÍ Marcel,Pinarello Q36.5 Pro Cycling Team,19,
704,1487,PUTZ Sebastian,Red Bull - BORA - hansgrohe Rookies,19,
705,473,LEONARD Michael,EF Education - EasyPost,18,
706,385,VAN MECHELEN Vlad,Bahrain - Victorious,18,
707,902,FELDMANN Karsten Larsen,Unibet Rose Rockets,18,
708,1215,CAPRA Thomas,Bahrain Victorious Development Team,18,
709,914,WEISS Fabian,Tudor Pro Cycling Team,18,
710,550,CONTRERAS Rodrigo,Nu Colombia,18,
712,489,GERMANI Lorenzo,Groupama - FDJ United,18,
713,1167,YILMAZ Ramazan,Konya Büyükşehir Belediye Spor,18,
714,323,DUNBAR Eddie,Pinarello Q36.5 Pro Cycling Team,18,
715,419,MATTHEIS Oliver,BIKE AID,18,
716,364,ROLLAND Brieuc,Groupama - FDJ United,18,
717,1456,AVONDTS Mathis,Parkhotel Valkenburg,18,
718,1671,METZGER Gabriel,,18,
720,1405,MARTE Jesus Roniel,,18,
721,452,RASCH Jesper,China Anta - Mentech Cycling Team,18,
724,1533,GUDNITZ Joshua,Team ColoQuick,18,
725,2360,BESSEGA Gabriele,Team Polti VisitMalta,18,
727,680,PALENI Enzo,Groupama - FDJ United,17,
728,1665,NENCINI Tommaso,Solution Tech NIPPO Rali,17,
729,2175,SIBANDA Mthokozisi,,17,
730,737,STEWART Mark,Modern Adventure Pro Cycling,17,
732,1724,SAMBINELLO Enea,UAE Team Emirates Gen Z,17,
733,975,BOCK Max,Red Bull - BORA - hansgrohe Rookies,17,
734,2109,SOMMER Jan,Elite Fondations Cycling Team,17,
735,2525,BAEZA Cristobal,Plus Performance - ZEO Sport,17,
736,1077,GEORGE Alfred,Elite Fondations Cycling Team,17,
737,903,ROSENLUND Stian,AIRTOX - Carl Ras,17,
738,553,CADENA Edgar David,Team Storck - MRW Bau,17,
739,2132,STENNING Oliver,Shenzhen Kung Cycling Team,17,
740,360,KUDUS Merhawi,Burgos Burpellet BH,16,
741,1216,GIAIMI Luca,UAE Team Emirates - XRG,16,
742,602,SYRITSA Gleb,XDS Astana Team,16,
743,603,CONSONNI Simone,Lidl - Trek,16,
746,812,YEMANE Even,BIKE AID,16,
747,462,AMAN Awet,Istanbul Team,16,
749,576,UMBA Santiago,Solution Tech NIPPO Rali,16,
750,513,BURGAUDEAU Mathieu,TotalEnergies,16,
751,1537,NEAVES Jadian,,16,
752,105,KUSS Sepp,Team Visma | Lease a Bike,16,
753,449,JUARISTI Txomin,Euskaltel - Euskadi,16,
754,709,SIRIRONNACHAI Sarawut,,15,
756,578,KNOX James,Team Picnic PostNL,15,
757,1157,PEACE Oliver,Team Picnic PostNL,15,
758,311,HOWSON Damien,Pinarello Q36.5 Pro Cycling Team,15,
759,644,MOSCA Jacopo,Lidl - Trek,15,
760,1111,TUCKWELL Luke,Red Bull - BORA - hansgrohe,15,
761,391,SWIFT Ben,INEOS Grenadiers,15,
762,881,SENTJENS Sente,Alpecin-Premier Tech,15,
763,1876,URIANSTAD BUGGE Martin,Uno-X Mobility,15,
764,722,HAMILTON Lucas,INEOS Grenadiers,15,
765,382,PITA Cristian David,Roojai Insurance Winspace,15,
766,523,KEPPLINGER Rainer,Bahrain - Victorious,15,
767,870,VILLA Giacomo,Petrolike,15,
769,1239,RODRÍGUEZ Diego Leonel,,15,
771,759,GAFFURI Mattia,Team Picnic PostNL,15,
772,678,WILKSCH Hannes,Tudor Pro Cycling Team,15,
773,274,MÜHLBERGER Gregor,Decathlon CMA CGM Team,15,
774,682,MIKUTIS Aivaras,Tudor Pro Cycling Team,15,
775,423,CÔTÉ Pier-André,NSN Cycling Team,15,
776,858,NABERMAN Tim,Team Picnic PostNL,15,
777,245,NYCH Artem,Anicolor / Campicarn,15,
778,330,MAGLI Filippo,Bardiani CSF 7 Saber,15,
780,661,GRADEK Kamil,Bahrain - Victorious,15,
781,530,DE POOTER Dries,Team Jayco AlUla,15,
782,501,TURCONI Filippo,Bardiani CSF 7 Saber,15,
783,1689,MERIS Sergio,Unibet Rose Rockets,15,
784,1901,MOORE Viggo,Tirol KTM Cycling Team,15,
785,1115,ROJAS Vicente,Bardiani CSF 7 Saber,15,
786,565,FLYNN Sean,Team Picnic PostNL,15,
789,1125,BOULET Eliott,Groupama-FDJ United CT,15,
790,1186,ALUSTIZA Nicolás,Euskaltel - Euskadi,15,
791,424,BJERG Mikkel,UAE Team Emirates - XRG,15,
792,1829,FABRIES Ugo,UAE Team Emirates Gen Z,15,
793,1211,DEMAN Brem,Team Flanders - Baloise,15,
795,703,ARCHIBOLD Franklin,Solution Tech NIPPO Rali,15,
796,931,MARCHAND Gianni,Tarteletto - Isorex,15,
797,1953,LEDEZMA Jexon,,15,
798,800,STOSZ Patryk,Voster Team,15,
799,894,TAMINIAUX Lionel,Lotto Intermarché,14,
800,891,VANDENABEELE Henri,Team Flanders - Baloise,14,
801,597,SCHWARZBACHER Matthias,EF Education - EasyPost,14,
802,379,ARASHIRO Yukiya,Solution Tech NIPPO Rali,14,
803,529,PICKRELL Riley,Modern Adventure Pro Cycling,14,
805,499,PRADES Benjamín,VC Fukuoka,14,
807,369,VERONA Carlos,Lidl - Trek,14,
809,901,ROJAS Gabriel Francisco,,14,
810,1006,BATTISTELLA Samuele,EF Education - EasyPost,14,
812,2503,GÁLVIZ Carlos Johan,Politachira Heidy Lee Sport TVN Norte,13,
813,2074,GIL Angel Alexander,GW Erco SportFitness,13,
814,326,VAN UDEN Casper,Team Picnic PostNL,13,
815,232,STEWART Jake,NSN Cycling Team,13,
816,683,LASTRA Jonathan,Euskaltel - Euskadi,13,
817,1452,BOCHAROV Dmitriy,7 Saber Uzbekistan Cycling Team,13,
818,1674,SCHOOFS Jasper,Soudal Quick-Step Devo Team,13,
819,271,GEOGHEGAN HART Tao,Lidl - Trek,13,
820,564,APARICIO Mario,Burgos Burpellet BH,13,
821,876,FRYDKJÆR Patrick Boje,Lidl - Trek Future Racing,13,
822,418,TOLIO Alex,Bardiani CSF 7 Saber,13,
823,1114,KOECH Silas,Team Lotto Kern-Haus Outlet Montabaur,13,
824,1290,SVRČEK Martin,Soudal Quick-Step,13,
825,921,SMITH William,Team Visma | Lease a Bike Development,13,
827,797,FERNÁNDEZ Samuel,Caja Rural - Seguros RGA,12,
828,2066,GREENWOOD Matthew,CCACHE x BODYWRAP,12,
830,1945,LI You,XDS Astana Development Team,12,
831,63,LÓPEZ Harold Martín,XDS Astana Team,12,
832,1096,RASENBERG Martijn,Unibet Rose Rockets,12,
833,974,O'BRIEN Liam,Lidl - Trek Future Racing,12,
834,1220,DUNWOODY Seth,Bahrain Victorious Development Team,12,
835,2213,BETTENDORFF Loïc,Hrinkow Advarics,12,
836,836,NARRAWAY Nicholas,Competitive Edge Racing,12,
837,2079,ŠUMPÍK Pavel,Development Team Picnic PostNL,12,
838,1552,ABDUL HALIL Mohamad Izzat Hilmi,Malaysia Pro Cycling,12,
839,1806,VERBRUGGHE Jens,NSN Development Team,12,
840,755,MONK Cyrus,FNIX - SCOM - Hengxiang Cycling Team,12,
841,982,EEMAN Kamiel,Lotto - Groupe Wanty,12,
842,339,BENNETT Sam,Pinarello Q36.5 Pro Cycling Team,12,
843,629,SINSCHEK Nils,Li Ning Star,11,
844,1170,RETAILLEAU Valentin,TotalEnergies,11,
845,981,KAJAMINI Florian Samuel,XDS Astana Team,11,
846,882,MANZIN Lorrenzo,TotalEnergies,11,
847,2145,ALONSO Agustín,,11,
848,792,PARISINI Nicolò,Pinarello Q36.5 Pro Cycling Team,11,
850,842,KIRSCH Alex,Cofidis,11,
851,267,MONIQUET Sylvain,Cofidis,11,
853,1577,GOLLIKER Joshua,EF Education - Aevolo,11,
854,1221,QUINTERO Juan Diego,Petrolike,11,
855,1711,NISU Oskar,China Anta - Mentech Cycling Team,11,
857,1832,VAN DEN EIJNDEN Guus,Alpecin-Premier Tech Development Team,11,
858,951,TEUGELS Lennert,Tarteletto - Isorex,11,
859,2141,JUMCHAT Nattapol,Thailand Continental Cycling Team,10,
861,710,CLARKE Simon,,10,
862,1264,WIRTGEN Luc,Tudor Pro Cycling Team,10,
863,1908,STOCKWELL Oliver,Bahrain - Victorious,10,
864,1224,DOLVEN Halvor,Lotto - Groupe Wanty,10,
865,1171,IMAMURA Shunsuke,Lotto - Groupe Wanty,10,
867,696,YIĞIT Tahir Buğra,Spor Toto Cycling Team,10,
868,1259,GIBBONS Ryan,Fly Cool Collective,10,
869,990,MILLER Alex,,10,
870,1775,JANIKULOV Samandar,7 Saber Uzbekistan Cycling Team,10,
871,484,BATSAIKHAN Tegsh-Bayar,Roojai Insurance Winspace,10,
872,1041,KRUIJSWIJK Steven,Team Visma | Lease a Bike,10,
873,1162,ØXENBERG Peter,INEOS Grenadiers,10,
874,681,GAMPER Patrick,Team Jayco AlUla,10,
875,1038,BASTIAENS Ayco,Soudal Quick-Step,10,
876,1485,VANGHELUWE Warre,Soudal Quick-Step,10,
877,616,RAISBERG Nadav,NSN Cycling Team,10,
878,605,RICKAERT Jonas,Alpecin-Premier Tech,10,
880,2511,KESSLER Cole,Modern Adventure Pro Cycling,10,
881,1225,TORRES Albert,Movistar Team,10,
883,211,ALBANESE Vincenzo,EF Education - EasyPost,10,
884,541,BRUNEL Alexys,TotalEnergies,10,
885,740,BAYER Tobias,Alpecin-Premier Tech,10,
886,567,BOIVIN Guillaume,NSN Cycling Team,10,
887,967,BLOEM Joren,Unibet Rose Rockets,10,
888,1204,BALMER Alexandre,Solution Tech NIPPO Rali,10,
889,495,WARBASSE Larry,Tudor Pro Cycling Team,10,
890,1274,ROUFFAER Lars,EEW-VDK Cyclingteam,10,
891,1324,ŠTAJNAR Mihael,Pogi Team Gusto Ljubljana,10,
892,270,CRAS Steff,Soudal Quick-Step,10,
893,362,MOLARD Rudy,Groupama - FDJ United,10,
894,190,DE LA CRUZ David,Pinarello Q36.5 Pro Cycling Team,10,
895,1213,ARCAS Jorge,Movistar Team,10,
896,1355,FAURE PROST Alexy,Team Picnic PostNL,10,
897,558,NEILANDS Krists,NSN Cycling Team,10,
898,942,TAROZZI Manuele,Bardiani CSF 7 Saber,10,
899,457,KENCH Josh,Groupama - FDJ United,10,
900,761,ERMAKOV Roman,Bahrain - Victorious,10,
901,660,NOVAK Domen,UAE Team Emirates - XRG,10,
904,1346,ERIKSSON Jacob,Tudor Pro Cycling Team,10,
906,904,SHICHKIN Vlas,Lokomotiv Manas,10,
907,1645,GEERAERTS Ferre,Team Flanders - Baloise,10,
908,1078,VERGAERDE Otto,Lidl - Trek,10,
909,850,BIZKARRA Mikel,Euskaltel - Euskadi,10,
910,298,STAUNE-MITTET Johannes,Decathlon CMA CGM Team,10,
911,1885,CHZHAN Igor,Quick Pro Team,10,
912,1107,KERCKHAERT Jochem,BEAT CC p/b Saxo,10,
913,1701,KÄLLBERG Axel,Lucky Sport Cycling Team,10,
918,900,MENÉNDEZ Héctor,,10,
919,1244,KUKRLE Michael,Kasper crypto4me,10,
922,977,OSES Luis Daniel,,10,
923,677,BOUGLAS Georgios,Burgos Burpellet BH,9,
924,663,NIYONKURU Samuel,Team Amani,9,
925,753,RAFFERTY Darren,EF Education - EasyPost,9,
926,1012,MEEHAN Jamie,Cofidis,9,
928,1484,FANTINI Christian,Solme - Olmo - Arvedi,9,
929,1535,RAMÍREZ Joseph Gerardo,,9,
931,544,TIVANI German Nicolás,Aviludo - Louletano - Loulé,9,
933,1565,JURADO Christofer Robín,,9,
935,324,OMRZEL Jakob,Bahrain - Victorious,9,
938,1448,VILORIA Enmanuel David,Team Fam Birdman Level Up,8,
939,885,KYFFIN Zeb,Terengganu Cycling Team,8,
941,437,BAIS Davide,Team Polti VisitMalta,8,
942,1201,CALZONI Walter,Pinarello Q36.5 Pro Cycling Team,8,
943,667,URIARTE Diego,Equipo Kern Pharma,8,
945,1548,BATMUNKH Maral-Erdene,Roojai Insurance Winspace,8,
947,1064,MESA Santiago,Anicolor / Campicarn,8,
948,1528,PAREJA Nichol Blanca,Victoria Sports Pro Cycling,8,
949,675,MARRIAGE Zac,NSN Development Team,8,
950,572,VADIC Baptiste,TotalEnergies,8,
951,584,RACCANI Simone,Team UKYO,8,
952,1313,ARRIOLABENGOA Julen,Caja Rural - Seguros RGA,8,
953,375,DE PRETTO Davide,Team Jayco AlUla,8,
955,1712,SERVRANCKX Gauthier,Soudal Quick-Step Devo Team,8,
956,1066,ISASA Xabier,Euskaltel - Euskadi,8,
957,2011,RIVERA Loyd Yuan,,8,
958,1011,NIELSEN Sebastian,Team ColoQuick,8,
960,1861,GOMEZ Luis António,Fina Arroz CES Multimarcas Bancamiga,8,
961,2469,CARSTENSEN Magnus,EF Education - Aevolo,8,
962,1700,SCALA Hugo,Modern Adventure Pro Cycling,8,
964,701,VERSCHUREN Killian,Unibet Rose Rockets,8,
967,877,GARCÍA PIERNA Carlos,Burgos Burpellet BH,8,
968,1550,PAREDES Anderson Timoteo,,7,
969,1893,GOYO Jesus Miguel,Fina Arroz CES Multimarcas Bancamiga,7,
970,1715,LADNGERN Peerapong,,7,
971,1067,REYNDERS Jens,Qatar Pro Team,7,
975,1919,BÁRTA Tomáš,Istanbul Team,7,
978,1007,TONELLI Alessandro,Team Polti VisitMalta,7,
979,1516,LANGE Tyler,,7,
980,782,FAURA José Luis,Burgos Burpellet BH,7,
981,81,GROVES Kaden,Alpecin-Premier Tech,7,
982,754,OKAMIKA Ander,Burgos Burpellet BH,7,
983,147,FRIGO Marco,NSN Cycling Team,7,
984,1133,GIRMAY Mewael,Istanbul Team,7,
985,2354,ORANZA Ronald,,7,
986,791,ZOCCARATO Samuele,MBH Bank CSB Telecom Fort,7,
987,1563,LUCERO Jericho,Go For Gold Philippines,7,
988,908,SERRANO Javier,Team Polti VisitMalta,7,
989,1877,FETTER Erik,Team United Shipping,7,
990,719,BELOHVOŠČIKS Kristiāns,BIKE AID,7,
993,1433,ROSTOVTSEV Sergey,Bardiani CSF 7 Saber,7,
994,1575,NAVAS Kevin,Best PC Ecuador,7,
996,1101,DUARTE Emanuel,Credibom / LA Alumínios / Marcos Car,7,
998,637,LINAREZ Leangel Rubén,Tavfer-Ovos Matinados-Mortágua,7,
999,966,KERGOZOU DE LA BOESSIERE Nick,St George Continental Cycling Team,7,
1000,2167,BESSEGA Tommaso,Team Polti VisitMalta,7,
1001,2495,BEAUNE Mavric,Veloce Club Rouen 76,7,
1002,973,DYBALL Benjamin,FNIX - SCOM - Hengxiang Cycling Team,7,
1005,1467,BIEHL Kevin,General Store - Essegibi - F.Lli Curia,7,
1008,834,OTTEMA Rick,EEW-VDK Cyclingteam,7,
1009,757,VOLTR Martin,ATT Investments,7,
1010,1491,CATTANI Alessandro,Team Technipes #inEmiliaRomagna Caffè Borbone,7,
1011,1261,ESPINOSA Bolivar,,7,
1013,365,CHAWCHIANGKWANG Peerapol,Thailand Continental Cycling Team,6,
1014,1894,MAESTRE Winston,Caja Rural - Alea,6,
1015,169,TOWNSEND Rory,Unibet Rose Rockets,6,
1016,730,GONOV Lev,XDS Astana Team,6,
1017,1874,PINAZZI Mattia,Bardiani CSF 7 Saber,6,
1018,784,YUN Jaebin,Roojai Insurance Winspace,6,
1019,1959,KEY Adrian,,6,
1020,588,PONOMAR Andrii,Petrolike,6,
1021,470,JANSE VAN RENSBURG Reinardt,Tshenolo Pro Cycling Team,6,
1022,955,PÉREZ Ciro,AVC Aix Provence Dole,6,
1024,2404,MELLBY Joel,Lucky Sport Cycling Team,6,
1026,707,CATALDO Lorenzo,China Chermin Cycling Team,6,
1027,574,BALLABIO Giacomo,Team Vorarlberg,6,
1028,1566,MENGHINI Alessio,Team Technipes #inEmiliaRomagna Caffè Borbone,6,
1029,776,MASNADA Fausto,MBH Bank CSB Telecom Fort,6,
1031,394,BONNEU Kamiel,Solution Tech NIPPO Rali,6,
1033,1661,PRONSKIY Daniil,Team Vino - North Qazaqstan Region,6,
1034,1540,LECROQ Jérémy,St Michel - Preference Home - Auber93,6,
1035,2041,DA SILVA SANTOS Vinicius,,6,
1036,672,NEUMAN Dominik,ATT Investments,6,
1037,654,MILESI Nicolas,INEOS Grenadiers Racing Academy,6,
1038,481,GUARDEÑO Jaume,Caja Rural - Seguros RGA,6,
1039,698,DE ROSSI Lucas,China Anta - Mentech Cycling Team,6,
1040,984,VAN HAUTEGEM Leander,Team Flanders - Baloise,6,
1044,1814,SUTER Joel,Tudor Pro Cycling Team,5,
1046,1475,DELLE VEDOVE Alessio,XDS Astana Development Team,5,
1048,247,PRADES Eduard,Caja Rural - Seguros RGA,5,
1049,1453,WU Chun Yin,HKSI Pro Cycling Team,5,
1050,1651,XU Shi Ru,,5,
1051,1123,AGNOLETTO Blake,Groupama-FDJ United CT,5,
1053,853,QUINN Sean,EF Education - EasyPost,5,
1054,1870,ARNDT Nikias,Bahrain - Victorious,5,
1055,1192,CHRISTIAN Sean,Modern Adventure Pro Cycling,5,
1056,762,PAASSCHENS Mathijs,Bahrain - Victorious,5,
1057,838,DE BUYST Jasper,Lotto Intermarché,5,
1058,1141,JAKOBSEN Fabio,Team Picnic PostNL,5,Joe
1059,2314,VAN REES Christiaan,Development Team Picnic PostNL,5,
1060,1915,KMÍNEK Vojtěch,Burgos Burpellet BH,5,
1061,2310,BELMANS Lennert,Alpecin-Premier Tech,5,
1062,151,WITHEN PHILIPSEN Albert,Lidl - Trek,5,
1063,435,ALLEGAERT Piet,Cofidis,5,
1065,694,DINA Márton,MBH Bank CSB Telecom Fort,5,
1066,349,ZWIEHOFF Ben,Red Bull - BORA - hansgrohe,5,
1067,1424,GELEIJN Owen,Unibet Rose Rockets,5,
1069,1168,MARTINELLI Alessio,Bardiani CSF 7 Saber,5,
1070,524,GRANGER Ben,Solution Tech NIPPO Rali,5,
1071,303,MOLLEMA Bauke,Lidl - Trek,5,
1073,1043,KESSLER Bruno,Tudor Pro Cycling Team U23,5,
1074,865,BOU Joan,Caja Rural - Seguros RGA,5,
1075,641,OTRUBA Jakub,Caja Rural - Seguros RGA,5,
1076,539,KUZMIN Anton,XDS Astana Team,5,
1078,1531,MEO Felix James,Solution Tech NIPPO Rali,5,
1079,1469,VIVIANI Attilio,Solution Tech NIPPO Rali,5,
1081,1572,DHONDT Robbe,Team Picnic PostNL,5,
1082,2207,RIDOLFO Filippo,Team Novo Nordisk,5,
1083,958,OURSELIN Paul,Cofidis,5,
1084,1042,PIETROBON Andrea,Team Polti VisitMalta,5,
1085,480,COLNAGHI Luca,Bardiani CSF 7 Saber,5,
1086,2062,RACCAGNI Gabriele,Team Polti VisitMalta,5,
1091,1175,GONZÁLEZ Abner,Feirense - Beeceler,5,
1092,1146,GONZELI Otavio Augusto,Localiza Meoo / Swift Pro Cycling,5,
1093,1138,MÜLLER Tobias,Unibet Rose Rockets,5,
1094,1120,PEDERSEN Henrik,Uno-X Mobility,5,
1095,786,THIERRY Pierre,TotalEnergies,5,
1096,1116,LAENGEN Vegard Stake,UAE Team Emirates - XRG,5,
1098,1119,MARIS Elias,Team Flanders - Baloise,5,
1099,1878,MARCEROU Nicola,TotalEnergies,5,
1100,1209,VANDENSTORME Dylan,Team Flanders - Baloise,5,
1101,2134,VAN DER WAL Rik,EEW-VDK Cyclingteam,5,
1102,1713,ARRIGHETTI Nicolò,General Store - Essegibi - F.Lli Curia,5,
1103,892,SEXTON Tom,St George Continental Cycling Team,5,
1104,1104,LEDESMA Gerard,VC Fukuoka,5,
1105,1049,BOUWMAN Koen,Team Jayco AlUla,5,
1106,153,RUBIO Einer,Movistar Team,5,
1107,284,BISIAUX Léo,Decathlon CMA CGM Team,5,Geminiani's Hipsters
1108,258,BALDERSTONE Abel,Caja Rural - Seguros RGA,5,
1109,255,DE PLUS Laurens,INEOS Grenadiers,5,
1110,1112,HIRT Jan,NSN Cycling Team,5,
1111,864,MURGUIALDAY Jokin,Euskaltel - Euskadi,5,
1112,1319,SVARRE Tobias,Uno-X Mobility,5,
1113,461,WANDAHL Frederik,Red Bull - BORA - hansgrohe,5,
1114,559,GUTIÉRREZ Jorge,Equipo Kern Pharma,5,
1115,1045,HAUG Kieran,Modern Adventure Pro Cycling,5,
1117,1543,STITES Tyler,Modern Adventure Pro Cycling,5,
1120,254,BARONCINI Filippo,UAE Team Emirates - XRG,5,
1122,146,LANGELLOTTI Victor,INEOS Grenadiers,5,
1124,1165,DONZÉ Robin,Tudor Pro Cycling Team,5,
1125,1081,BOGDANOVIČS Māris,FNIX - SCOM - Hengxiang Cycling Team,5,
1126,1653,MALMBERG Matias,Swatt Club,5,
1127,1212,SMITHSON Jed,Hagens Berman Jayco,5,
1129,1143,LANDBO Mads,Team ColoQuick,5,
1130,831,JOALLAND Yaël,Cofidis,5,
1131,596,HOULE Hugo,Alpecin-Premier Tech,5,
1132,1534,FERNÁNDEZ Sinuhé,Burgos Burpellet BH,5,
1133,411,IRIBAR Unai,Equipo Kern Pharma,5,
1134,1911,LÓPEZ Joseba,Caja Rural - Seguros RGA,5,
1135,810,HUISING Menno,Team Visma | Lease a Bike,5,
1137,624,CORKERY Dillon,Team Picnic PostNL,5,
1140,521,LIENHARD Fabian,Tudor Pro Cycling Team,5,
1141,1001,AUGÉ Ronan,Unibet Rose Rockets,5,
1142,1426,VANDENBRANDEN Noah,Team Flanders - Baloise,5,
1145,393,ZIJLAARD Maikel,Tudor Pro Cycling Team,4,
1153,335,DOUBEY Fabien,TotalEnergies,4,
1154,997,PROĆ Bartłomiej,Wibatech Lubelskie Perła Polski,4,
1157,1446,BORRESCH Julian,REMBE | rad-net,4,
1162,2002,VAN DER WERFF Thom,Development Team Picnic PostNL,4,
1163,340,BOGUSŁAWSKI Marceli,ATT Investments,4,
1164,826,KOTSAKIS Francisco,Plus Performance - ZEO Sport,4,
1167,2374,CÁRDENAS Vicente,,4,
1169,426,TERCERO Fernando,Team Polti VisitMalta,4,
1171,1136,GROSU Eduard-Michael,FNIX - SCOM - Hengxiang Cycling Team,4,
1172,1161,BORTOLUZZI Giovanni,General Store - Essegibi - F.Lli Curia,4,
1173,697,JASCH Lennart,Tudor Pro Cycling Team U23,4,
1174,1100,LUCCA Riccardo,Quick Pro Team,4,
1175,1503,PLAMONDON Joel,Charvieu Chavagneux Isère Cyclisme,4,
1176,2046,ARSAC Rémi,Decathlon CMA CGM Development Team,4,
1179,887,OOSTERLINCK Joes,Van Rysel Roubaix,4,
1180,2396,BICELLI Michele,Biesse - Carrera - Premac,4,
1183,2223,FERNANDEZ Kendall,,4,
1186,1400,ANTONENKO Heorhii,Energus Cycling Team,4,
1187,2309,ZANUTTA David,XDS Astana Development Team,4,
1189,1304,GOMEZ Camilo Andres,GW Erco SportFitness,3,
1192,959,BOUCHARD Geoffrey,TotalEnergies,3,
1193,844,JUNG Woo-Ho,Seoul Cycling Team,3,
1194,1685,IDERBOLD Bold,Wheeltop Rotor Chengdu Team,3,
1195,811,DAVY Clément,Nice Métropole Côte d'Azur,3,
1196,1488,VALJAVEC Erazem,Soudal Quick-Step Devo Team,3,
1197,1247,MUHOZA Eric,Team Amani,3,
1199,2406,MARTINSEN Toralf Rydningen,Team Drali - Repsol,3,
1200,848,ÁLVAREZ Rodrigo,Burgos Burpellet BH,3,
1201,534,MEIJERS Jeroen,Victoria Sports Pro Cycling,3,
1203,2085,DIAZ Christopher Jahir,,3,
1204,1187,CHAVARRIA Derrick,China Chermin Cycling Team,3,
1211,463,MAISONOBE Sam,Cofidis,3,
1213,1085,ABAY Burak,Konya Büyükşehir Belediye Spor,3,
1214,1556,TORRES Edwin Yair,Lotería del Táchira Servitel,2,
1215,1450,OBANDO Bryan Raul,GW Erco SportFitness,2,
1219,1219,SANTY Arne,Tarteletto - Isorex,2,
1220,444,NICOLAU Joel,Caja Rural - Seguros RGA,2,
1221,331,EIKING Odd Christian,Unibet Rose Rockets,2,
1222,658,EPIS Giosuè,Petrolike,2,
1223,1321,RETEGI Mikel,Equipo Kern Pharma,2,
1224,1246,LIM Jongwon,LX Cycling Team,2,
1228,1977,CHAKAZA Amos,,2,
1229,1865,SCHUTTE Ryno,,2,
1230,2093,JAMAICA Javier Ernesto,Nu Colombia,2,
1232,511,PETER Jannis,Unibet Rose Rockets,2,
1238,827,MEDHANIE Natan,,2,
1239,527,COVILI Luca,Bardiani CSF 7 Saber,2,
1241,1922,GUILLEMETTE Mathias,Tudor Pro Cycling Team U23,2,
1242,1464,KAMBERAJ Valentino,Team Skyline,2,
1243,1009,ROTTMANN Jonathan Malte,Team Lotto Kern-Haus Outlet Montabaur,2,
1245,2519,WIGGINS Ben,Hagens Berman Jayco,2,
1252,2053,DOMÍNGUEZ David,Feira dos Sofás - Boavista,2,
1255,801,REIS Rafael,Anicolor / Campicarn,2,
1257,2291,GLADEK Marcel,Factor Racing,2,
1258,1460,VAN ZANDEN Otto,Parkhotel Valkenburg,2,
1259,1497,JEAN Victor,Elite Fondations Cycling Team,2,
1260,946,RAMÍREZ Donovan,,2,
1262,1760,KMIELIAUSKAS Rokas,Energus Cycling Team,2,
1263,1882,ZANINI Simone,XDS Astana Development Team,2,
1264,2499,GOMEZ Nicolas David,GW Erco SportFitness,1,
1266,1956,KLAHAN Noppachai,Thailand Continental Cycling Team,1,
1267,837,MILTIADIS Andreas,Quick Pro Team,1,
1269,1813,TORNEY Artuur,Team Flanders - Baloise,1,
1272,2345,HANGA Petrus,,1,
1273,720,FRĄTCZAK Radosław,Wibatech Lubelskie Perła Polski,1,
1274,2353,GORDGE Kieran,Hagens Berman Jayco,1,
1275,1029,PEÑA Wilson Estiben,Team Sistecredito,1,
1277,2266,ALTANGEREL Davaajargal,Shenzhen Kung Cycling Team,1,
1278,543,TORRES Pablo,UAE Team Emirates - XRG,1,
1280,926,ROYAN Muhammad Andy,Nusantara Cycling Team,1,
1281,1155,KAM Chin Pok,China Anta - Mentech Cycling Team,1,
1282,1473,CONTTE Tomas,Aviludo - Louletano - Loulé,1,
1283,746,GUATIBONZA Jonathan,Movistar Team Academy,1,
1285,1747,HLADY Gavin,EF Education - Aevolo,1,
1286,1769,HOYOS Angel Jesus,Pío Rico Cycling Team,1,
1287,1431,VAN DEN BOER Seppe,Tudor Pro Cycling Team U23,1,
1289,2407,STIEGER Adrian,Schwingshandl Intralogistics,1,
1291,976,KURITS Karl,Lucky Sport Cycling Team,1,
1292,1738,ARRIAGADA Cristian,,1,
1296,1282,FRANCISCO Jude Gabriel,Victoria Sports Pro Cycling,1,
1297,1185,KUROEDA Shiki,Sparkle Oita Racing Team,1,
1299,1847,BRICENO Jaylen,L39ION of Los Angeles,1,
1300,509,PEÑUELA Francisco Joel,Caja Rural - Seguros RGA,1,
1301,1466,FIETZKE Paul,Red Bull - BORA - hansgrohe Rookies,1,
1306,987,WILLIAMS Cory,L39ION of Los Angeles,1,
1308,2320,CANNISTER Goldwynn,Merida Adelaar Cycling Team,1,
1312,460,VAHTRA Norman,China Anta - Mentech Cycling Team,1,
1313,909,LEIJNSE Enzo,Anicolor / Campicarn,1,
1314,2254,MUGALU Shafik,Team Amani,1,
1316,563,SMIT Willie,China Anta - Mentech Cycling Team,1,
1317,1580,MEDWAY Jackson,Tudor Pro Cycling Team U23,1,
1320,1417,BRÉANT Romain,AC Bisontine,1,
1321,917,HAVERDINGS David,Alpecin-Premier Tech Development Team,1,
1323,1415,BLAS Blayde,EuroCyclingTrips - CCN,1,
1328,1656,PLUTO Mārtiņš,Energus Cycling Team,1,
